{
    "version": 1,
    "models": {
        "Customer": {
            "name": "Customer",
            "fields": {
                "id": {
                    "name": "id",
                    "isArray": false,
                    "type": "ID",
                    "isRequired": true,
                    "attributes": []
                },
                "email": {
                    "name": "email",
                    "isArray": false,
                    "type": "String",
                    "isRequired": true,
                    "attributes": []
                },
                "phoneNumber": {
                    "name": "phoneNumber",
                    "isArray": false,
                    "type": "String",
                    "isRequired": false,
                    "attributes": []
                },
                "firstName": {
                    "name": "firstName",
                    "isArray": false,
                    "type": "String",
                    "isRequired": true,
                    "attributes": []
                },
                "lastName": {
                    "name": "lastName",
                    "isArray": false,
                    "type": "String",
                    "isRequired": true,
                    "attributes": []
                },
                "address": {
                    "name": "address",
                    "isArray": false,
                    "type": "String",
                    "isRequired": false,
                    "attributes": []
                },
                "notes": {
                    "name": "notes",
                    "isArray": false,
                    "type": "String",
                    "isRequired": false,
                    "attributes": []
                },
                "repairs": {
                    "name": "repairs",
                    "isArray": true,
                    "type": {
                        "model": "Repair"
                    },
                    "isRequired": false,
                    "attributes": [],
                    "isArrayNullable": true,
                    "association": {
                        "connectionType": "HAS_MANY",
                        "associatedWith": [
                            "customerId"
                        ]
                    }
                },
                "createdAt": {
                    "name": "createdAt",
                    "isArray": false,
                    "type": "AWSDateTime",
                    "isRequired": false,
                    "attributes": [],
                    "isReadOnly": true
                },
                "updatedAt": {
                    "name": "updatedAt",
                    "isArray": false,
                    "type": "AWSDateTime",
                    "isRequired": false,
                    "attributes": [],
                    "isReadOnly": true
                }
            },
            "syncable": true,
            "pluralName": "Customers",
            "attributes": [
                {
                    "type": "model",
                    "properties": {}
                },
                {
                    "type": "auth",
                    "properties": {
                        "rules": [
                            {
                                "provider": "userPools",
                                "ownerField": "owner",
                                "allow": "owner",
                                "identityClaim": "cognito:username",
                                "operations": [
                                    "create",
                                    "update",
                                    "delete",
                                    "read"
                                ]
                            },
                            {
                                "groupClaim": "cognito:groups",
                                "provider": "userPools",
                                "allow": "groups",
                                "groups": [
                                    "Admins"
                                ],
                                "operations": [
                                    "create",
                                    "update",
                                    "delete",
                                    "read"
                                ]
                            }
                        ]
                    }
                }
            ],
            "primaryKeyInfo": {
                "isCustomPrimaryKey": false,
                "primaryKeyFieldName": "id",
                "sortKeyFieldNames": []
            }
        },
        "Repair": {
            "name": "Repair",
            "fields": {
                "id": {
                    "name": "id",
                    "isArray": false,
                    "type": "ID",
                    "isRequired": true,
                    "attributes": []
                },
                "customerId": {
                    "name": "customerId",
                    "isArray": false,
                    "type": "ID",
                    "isRequired": true,
                    "attributes": []
                },
                "customer": {
                    "name": "customer",
                    "isArray": false,
                    "type": {
                        "model": "Customer"
                    },
                    "isRequired": false,
                    "attributes": [],
                    "association": {
                        "connectionType": "BELONGS_TO",
                        "targetNames": [
                            "customerId"
                        ]
                    }
                },
                "deviceType": {
                    "name": "deviceType",
                    "isArray": false,
                    "type": "String",
                    "isRequired": true,
                    "attributes": []
                },
                "deviceModel": {
                    "name": "deviceModel",
                    "isArray": false,
                    "type": "String",
                    "isRequired": true,
                    "attributes": []
                },
                "serialNumber": {
                    "name": "serialNumber",
                    "isArray": false,
                    "type": "String",
                    "isRequired": false,
                    "attributes": []
                },
                "devicePassword": {
                    "name": "devicePassword",
                    "isArray": false,
                    "type": "String",
                    "isRequired": false,
                    "attributes": []
                },
                "devicePattern": {
                    "name": "devicePattern",
                    "isArray": false,
                    "type": "String",
                    "isRequired": false,
                    "attributes": []
                },
                "serviceType": {
                    "name": "serviceType",
                    "isArray": false,
                    "type": "String",
                    "isRequired": true,
                    "attributes": []
                },
                "description": {
                    "name": "description",
                    "isArray": false,
                    "type": "String",
                    "isRequired": false,
                    "attributes": []
                },
                "warrantyStatus": {
                    "name": "warrantyStatus",
                    "isArray": false,
                    "type": {
                        "enum": "RepairWarrantyStatus"
                    },
                    "isRequired": false,
                    "attributes": []
                },
                "status": {
                    "name": "status",
                    "isArray": false,
                    "type": {
                        "enum": "RepairStatus"
                    },
                    "isRequired": false,
                    "attributes": []
                },
                "estimatedCost": {
                    "name": "estimatedCost",
                    "isArray": false,
                    "type": "Float",
                    "isRequired": false,
                    "attributes": []
                },
                "actualCost": {
                    "name": "actualCost",
                    "isArray": false,
                    "type": "Float",
                    "isRequired": false,
                    "attributes": []
                },
                "isMailIn": {
                    "name": "isMailIn",
                    "isArray": false,
                    "type": "Boolean",
                    "isRequired": false,
                    "attributes": []
                },
                "shippingLabelUrl": {
                    "name": "shippingLabelUrl",
                    "isArray": false,
                    "type": "String",
                    "isRequired": false,
                    "attributes": []
                },
                "trackingNumber": {
                    "name": "trackingNumber",
                    "isArray": false,
                    "type": "String",
                    "isRequired": false,
                    "attributes": []
                },
                "estimatedCompletion": {
                    "name": "estimatedCompletion",
                    "isArray": false,
                    "type": "AWSDateTime",
                    "isRequired": false,
                    "attributes": []
                },
                "completedAt": {
                    "name": "completedAt",
                    "isArray": false,
                    "type": "AWSDateTime",
                    "isRequired": false,
                    "attributes": []
                },
                "notes": {
                    "name": "notes",
                    "isArray": false,
                    "type": "String",
                    "isRequired": false,
                    "attributes": []
                },
                "photos": {
                    "name": "photos",
                    "isArray": true,
                    "type": {
                        "model": "RepairPhoto"
                    },
                    "isRequired": false,
                    "attributes": [],
                    "isArrayNullable": true,
                    "association": {
                        "connectionType": "HAS_MANY",
                        "associatedWith": [
                            "repairId"
                        ]
                    }
                },
                "appointments": {
                    "name": "appointments",
                    "isArray": true,
                    "type": {
                        "model": "Appointment"
                    },
                    "isRequired": false,
                    "attributes": [],
                    "isArrayNullable": true,
                    "association": {
                        "connectionType": "HAS_MANY",
                        "associatedWith": [
                            "repairId"
                        ]
                    }
                },
                "payments": {
                    "name": "payments",
                    "isArray": true,
                    "type": {
                        "model": "Payment"
                    },
                    "isRequired": false,
                    "attributes": [],
                    "isArrayNullable": true,
                    "association": {
                        "connectionType": "HAS_MANY",
                        "associatedWith": [
                            "repairId"
                        ]
                    }
                },
                "statusLogs": {
                    "name": "statusLogs",
                    "isArray": true,
                    "type": {
                        "model": "StatusLog"
                    },
                    "isRequired": false,
                    "attributes": [],
                    "isArrayNullable": true,
                    "association": {
                        "connectionType": "HAS_MANY",
                        "associatedWith": [
                            "repairId"
                        ]
                    }
                },
                "createdAt": {
                    "name": "createdAt",
                    "isArray": false,
                    "type": "AWSDateTime",
                    "isRequired": false,
                    "attributes": [],
                    "isReadOnly": true
                },
                "updatedAt": {
                    "name": "updatedAt",
                    "isArray": false,
                    "type": "AWSDateTime",
                    "isRequired": false,
                    "attributes": [],
                    "isReadOnly": true
                }
            },
            "syncable": true,
            "pluralName": "Repairs",
            "attributes": [
                {
                    "type": "model",
                    "properties": {}
                },
                {
                    "type": "auth",
                    "properties": {
                        "rules": [
                            {
                                "provider": "userPools",
                                "ownerField": "owner",
                                "allow": "owner",
                                "operations": [
                                    "read"
                                ],
                                "identityClaim": "cognito:username"
                            },
                            {
                                "groupClaim": "cognito:groups",
                                "provider": "userPools",
                                "allow": "groups",
                                "groups": [
                                    "Admins"
                                ],
                                "operations": [
                                    "create",
                                    "update",
                                    "delete",
                                    "read"
                                ]
                            }
                        ]
                    }
                }
            ],
            "primaryKeyInfo": {
                "isCustomPrimaryKey": false,
                "primaryKeyFieldName": "id",
                "sortKeyFieldNames": []
            }
        },
        "Payment": {
            "name": "Payment",
            "fields": {
                "id": {
                    "name": "id",
                    "isArray": false,
                    "type": "ID",
                    "isRequired": true,
                    "attributes": []
                },
                "repairId": {
                    "name": "repairId",
                    "isArray": false,
                    "type": "ID",
                    "isRequired": true,
                    "attributes": []
                },
                "repair": {
                    "name": "repair",
                    "isArray": false,
                    "type": {
                        "model": "Repair"
                    },
                    "isRequired": false,
                    "attributes": [],
                    "association": {
                        "connectionType": "BELONGS_TO",
                        "targetNames": [
                            "repairId"
                        ]
                    }
                },
                "amount": {
                    "name": "amount",
                    "isArray": false,
                    "type": "Float",
                    "isRequired": true,
                    "attributes": []
                },
                "method": {
                    "name": "method",
                    "isArray": false,
                    "type": {
                        "enum": "PaymentMethod"
                    },
                    "isRequired": false,
                    "attributes": []
                },
                "status": {
                    "name": "status",
                    "isArray": false,
                    "type": {
                        "enum": "PaymentStatus"
                    },
                    "isRequired": false,
                    "attributes": []
                },
                "date": {
                    "name": "date",
                    "isArray": false,
                    "type": "AWSDateTime",
                    "isRequired": true,
                    "attributes": []
                },
                "referenceId": {
                    "name": "referenceId",
                    "isArray": false,
                    "type": "String",
                    "isRequired": false,
                    "attributes": []
                },
                "notes": {
                    "name": "notes",
                    "isArray": false,
                    "type": "String",
                    "isRequired": false,
                    "attributes": []
                },
                "createdAt": {
                    "name": "createdAt",
                    "isArray": false,
                    "type": "AWSDateTime",
                    "isRequired": false,
                    "attributes": [],
                    "isReadOnly": true
                },
                "updatedAt": {
                    "name": "updatedAt",
                    "isArray": false,
                    "type": "AWSDateTime",
                    "isRequired": false,
                    "attributes": [],
                    "isReadOnly": true
                }
            },
            "syncable": true,
            "pluralName": "Payments",
            "attributes": [
                {
                    "type": "model",
                    "properties": {}
                },
                {
                    "type": "auth",
                    "properties": {
                        "rules": [
                            {
                                "provider": "userPools",
                                "ownerField": "owner",
                                "allow": "owner",
                                "operations": [
                                    "read",
                                    "create"
                                ],
                                "identityClaim": "cognito:username"
                            },
                            {
                                "groupClaim": "cognito:groups",
                                "provider": "userPools",
                                "allow": "groups",
                                "groups": [
                                    "Admins"
                                ],
                                "operations": [
                                    "create",
                                    "update",
                                    "delete",
                                    "read"
                                ]
                            }
                        ]
                    }
                }
            ],
            "primaryKeyInfo": {
                "isCustomPrimaryKey": false,
                "primaryKeyFieldName": "id",
                "sortKeyFieldNames": []
            }
        },
        "StatusLog": {
            "name": "StatusLog",
            "fields": {
                "id": {
                    "name": "id",
                    "isArray": false,
                    "type": "ID",
                    "isRequired": true,
                    "attributes": []
                },
                "repairId": {
                    "name": "repairId",
                    "isArray": false,
                    "type": "ID",
                    "isRequired": true,
                    "attributes": []
                },
                "repair": {
                    "name": "repair",
                    "isArray": false,
                    "type": {
                        "model": "Repair"
                    },
                    "isRequired": false,
                    "attributes": [],
                    "association": {
                        "connectionType": "BELONGS_TO",
                        "targetNames": [
                            "repairId"
                        ]
                    }
                },
                "status": {
                    "name": "status",
                    "isArray": false,
                    "type": "String",
                    "isRequired": true,
                    "attributes": []
                },
                "timestamp": {
                    "name": "timestamp",
                    "isArray": false,
                    "type": "AWSDateTime",
                    "isRequired": true,
                    "attributes": []
                },
                "notes": {
                    "name": "notes",
                    "isArray": false,
                    "type": "String",
                    "isRequired": false,
                    "attributes": []
                },
                "createdAt": {
                    "name": "createdAt",
                    "isArray": false,
                    "type": "AWSDateTime",
                    "isRequired": false,
                    "attributes": [],
                    "isReadOnly": true
                },
                "updatedAt": {
                    "name": "updatedAt",
                    "isArray": false,
                    "type": "AWSDateTime",
                    "isRequired": false,
                    "attributes": [],
                    "isReadOnly": true
                }
            },
            "syncable": true,
            "pluralName": "StatusLogs",
            "attributes": [
                {
                    "type": "model",
                    "properties": {}
                },
                {
                    "type": "auth",
                    "properties": {
                        "rules": [
                            {
                                "provider": "userPools",
                                "ownerField": "owner",
                                "allow": "owner",
                                "operations": [
                                    "read"
                                ],
                                "identityClaim": "cognito:username"
                            },
                            {
                                "groupClaim": "cognito:groups",
                                "provider": "userPools",
                                "allow": "groups",
                                "groups": [
                                    "Admins"
                                ],
                                "operations": [
                                    "create",
                                    "update",
                                    "delete",
                                    "read"
                                ]
                            }
                        ]
                    }
                }
            ],
            "primaryKeyInfo": {
                "isCustomPrimaryKey": false,
                "primaryKeyFieldName": "id",
                "sortKeyFieldNames": []
            }
        },
        "RepairPhoto": {
            "name": "RepairPhoto",
            "fields": {
                "id": {
                    "name": "id",
                    "isArray": false,
                    "type": "ID",
                    "isRequired": true,
                    "attributes": []
                },
                "repairId": {
                    "name": "repairId",
                    "isArray": false,
                    "type": "ID",
                    "isRequired": true,
                    "attributes": []
                },
                "repair": {
                    "name": "repair",
                    "isArray": false,
                    "type": {
                        "model": "Repair"
                    },
                    "isRequired": false,
                    "attributes": [],
                    "association": {
                        "connectionType": "BELONGS_TO",
                        "targetNames": [
                            "repairId"
                        ]
                    }
                },
                "photoUrl": {
                    "name": "photoUrl",
                    "isArray": false,
                    "type": "String",
                    "isRequired": true,
                    "attributes": []
                },
                "description": {
                    "name": "description",
                    "isArray": false,
                    "type": "String",
                    "isRequired": false,
                    "attributes": []
                },
                "uploadedAt": {
                    "name": "uploadedAt",
                    "isArray": false,
                    "type": "AWSDateTime",
                    "isRequired": true,
                    "attributes": []
                },
                "createdAt": {
                    "name": "createdAt",
                    "isArray": false,
                    "type": "AWSDateTime",
                    "isRequired": false,
                    "attributes": [],
                    "isReadOnly": true
                },
                "updatedAt": {
                    "name": "updatedAt",
                    "isArray": false,
                    "type": "AWSDateTime",
                    "isRequired": false,
                    "attributes": [],
                    "isReadOnly": true
                }
            },
            "syncable": true,
            "pluralName": "RepairPhotos",
            "attributes": [
                {
                    "type": "model",
                    "properties": {}
                },
                {
                    "type": "auth",
                    "properties": {
                        "rules": [
                            {
                                "provider": "userPools",
                                "ownerField": "owner",
                                "allow": "owner",
                                "operations": [
                                    "read"
                                ],
                                "identityClaim": "cognito:username"
                            },
                            {
                                "groupClaim": "cognito:groups",
                                "provider": "userPools",
                                "allow": "groups",
                                "groups": [
                                    "Admins"
                                ],
                                "operations": [
                                    "create",
                                    "update",
                                    "delete",
                                    "read"
                                ]
                            }
                        ]
                    }
                }
            ],
            "primaryKeyInfo": {
                "isCustomPrimaryKey": false,
                "primaryKeyFieldName": "id",
                "sortKeyFieldNames": []
            }
        },
        "Appointment": {
            "name": "Appointment",
            "fields": {
                "id": {
                    "name": "id",
                    "isArray": false,
                    "type": "ID",
                    "isRequired": true,
                    "attributes": []
                },
                "repairId": {
                    "name": "repairId",
                    "isArray": false,
                    "type": "ID",
                    "isRequired": true,
                    "attributes": []
                },
                "repair": {
                    "name": "repair",
                    "isArray": false,
                    "type": {
                        "model": "Repair"
                    },
                    "isRequired": false,
                    "attributes": [],
                    "association": {
                        "connectionType": "BELONGS_TO",
                        "targetNames": [
                            "repairId"
                        ]
                    }
                },
                "scheduledAt": {
                    "name": "scheduledAt",
                    "isArray": false,
                    "type": "AWSDateTime",
                    "isRequired": true,
                    "attributes": []
                },
                "type": {
                    "name": "type",
                    "isArray": false,
                    "type": {
                        "enum": "AppointmentType"
                    },
                    "isRequired": false,
                    "attributes": []
                },
                "status": {
                    "name": "status",
                    "isArray": false,
                    "type": {
                        "enum": "AppointmentStatus"
                    },
                    "isRequired": false,
                    "attributes": []
                },
                "notes": {
                    "name": "notes",
                    "isArray": false,
                    "type": "String",
                    "isRequired": false,
                    "attributes": []
                },
                "createdAt": {
                    "name": "createdAt",
                    "isArray": false,
                    "type": "AWSDateTime",
                    "isRequired": false,
                    "attributes": [],
                    "isReadOnly": true
                },
                "updatedAt": {
                    "name": "updatedAt",
                    "isArray": false,
                    "type": "AWSDateTime",
                    "isRequired": false,
                    "attributes": [],
                    "isReadOnly": true
                }
            },
            "syncable": true,
            "pluralName": "Appointments",
            "attributes": [
                {
                    "type": "model",
                    "properties": {}
                },
                {
                    "type": "auth",
                    "properties": {
                        "rules": [
                            {
                                "provider": "userPools",
                                "ownerField": "owner",
                                "allow": "owner",
                                "identityClaim": "cognito:username",
                                "operations": [
                                    "create",
                                    "update",
                                    "delete",
                                    "read"
                                ]
                            },
                            {
                                "groupClaim": "cognito:groups",
                                "provider": "userPools",
                                "allow": "groups",
                                "groups": [
                                    "Admins"
                                ],
                                "operations": [
                                    "create",
                                    "update",
                                    "delete",
                                    "read"
                                ]
                            }
                        ]
                    }
                }
            ],
            "primaryKeyInfo": {
                "isCustomPrimaryKey": false,
                "primaryKeyFieldName": "id",
                "sortKeyFieldNames": []
            }
        },
        "Inventory": {
            "name": "Inventory",
            "fields": {
                "id": {
                    "name": "id",
                    "isArray": false,
                    "type": "ID",
                    "isRequired": true,
                    "attributes": []
                },
                "partName": {
                    "name": "partName",
                    "isArray": false,
                    "type": "String",
                    "isRequired": true,
                    "attributes": []
                },
                "partNumber": {
                    "name": "partNumber",
                    "isArray": false,
                    "type": "String",
                    "isRequired": false,
                    "attributes": []
                },
                "deviceType": {
                    "name": "deviceType",
                    "isArray": false,
                    "type": "String",
                    "isRequired": true,
                    "attributes": []
                },
                "deviceModel": {
                    "name": "deviceModel",
                    "isArray": false,
                    "type": "String",
                    "isRequired": false,
                    "attributes": []
                },
                "quantity": {
                    "name": "quantity",
                    "isArray": false,
                    "type": "Int",
                    "isRequired": true,
                    "attributes": []
                },
                "cost": {
                    "name": "cost",
                    "isArray": false,
                    "type": "Float",
                    "isRequired": true,
                    "attributes": []
                },
                "supplier": {
                    "name": "supplier",
                    "isArray": false,
                    "type": "String",
                    "isRequired": false,
                    "attributes": []
                },
                "lastRestocked": {
                    "name": "lastRestocked",
                    "isArray": false,
                    "type": "AWSDateTime",
                    "isRequired": false,
                    "attributes": []
                },
                "createdAt": {
                    "name": "createdAt",
                    "isArray": false,
                    "type": "AWSDateTime",
                    "isRequired": false,
                    "attributes": [],
                    "isReadOnly": true
                },
                "updatedAt": {
                    "name": "updatedAt",
                    "isArray": false,
                    "type": "AWSDateTime",
                    "isRequired": false,
                    "attributes": [],
                    "isReadOnly": true
                }
            },
            "syncable": true,
            "pluralName": "Inventories",
            "attributes": [
                {
                    "type": "model",
                    "properties": {}
                },
                {
                    "type": "auth",
                    "properties": {
                        "rules": [
                            {
                                "groupClaim": "cognito:groups",
                                "provider": "userPools",
                                "allow": "groups",
                                "groups": [
                                    "Admins"
                                ],
                                "operations": [
                                    "create",
                                    "update",
                                    "delete",
                                    "read"
                                ]
                            }
                        ]
                    }
                }
            ],
            "primaryKeyInfo": {
                "isCustomPrimaryKey": false,
                "primaryKeyFieldName": "id",
                "sortKeyFieldNames": []
            }
        }
    },
    "enums": {
        "RepairWarrantyStatus": {
            "name": "RepairWarrantyStatus",
            "values": [
                "none",
                "limited",
                "lifetime"
            ]
        },
        "RepairStatus": {
            "name": "RepairStatus",
            "values": [
                "pending",
                "diagnosed",
                "inProgress",
                "completed",
                "readyForPickup",
                "pickedUp",
                "cancelled"
            ]
        },
        "PaymentMethod": {
            "name": "PaymentMethod",
            "values": [
                "cash",
                "card_square",
                "card_stripe",
                "transfer"
            ]
        },
        "PaymentStatus": {
            "name": "PaymentStatus",
            "values": [
                "pending",
                "completed",
                "refunded",
                "failed"
            ]
        },
        "AppointmentType": {
            "name": "AppointmentType",
            "values": [
                "dropOff",
                "pickup",
                "consultation"
            ]
        },
        "AppointmentStatus": {
            "name": "AppointmentStatus",
            "values": [
                "scheduled",
                "completed",
                "cancelled"
            ]
        }
    },
    "nonModels": {}
}